Datetime,Water Level (m)
2026-01-06 12:00:00,-4.501
2026-01-06 13:00:00,-4.501
2026-01-06 14:00:00,-4.501
2026-01-06 15:00:00,-4.501
2026-01-06 16:00:00,-4.501
2026-01-06 17:00:00,-4.501
2026-01-06 18:00:00,-4.501
2026-01-06 19:00:00,-4.501
2026-01-06 20:00:00,-4.501
2026-01-06 21:00:00,-4.501
2026-01-06 22:00:00,-4.501
2026-01-06 23:00:00,-4.501
2026-01-07 00:00:00,-4.501
2026-01-07 01:00:00,-0.03872767
2026-01-07 02:00:00,0.1322319
2026-01-07 03:00:00,0.13042091
2026-01-07 04:00:00,0.1282435
2026-01-07 05:00:00,0.12172311
2026-01-07 06:00:00,0.12124574
2026-01-07 07:00:00,0.12939726
2026-01-07 08:00:00,0.14311425
2026-01-07 09:00:00,0.1605766
2026-01-07 10:00:00,0.17279479
2026-01-07 11:00:00,0.1875523
2026-01-07 12:00:00,0.19437516
2026-01-07 13:00:00,0.19950013
2026-01-07 14:00:00,0.20088536
2026-01-07 15:00:00,0.19922116
2026-01-07 16:00:00,0.19506182
2026-01-07 17:00:00,0.18979636
2026-01-07 18:00:00,0.18395548
2026-01-07 19:00:00,0.181462
2026-01-07 20:00:00,0.1866525
2026-01-07 21:00:00,0.19732317
2026-01-07 22:00:00,0.21037923
2026-01-07 23:00:00,0.22119023
2026-01-08 00:00:00,0.22755215
2026-01-08 01:00:00,0.22990036
2026-01-08 02:00:00,0.22888283
2026-01-08 03:00:00,0.225453
2026-01-08 04:00:00,0.21994969
2026-01-08 05:00:00,0.21360025
2026-01-08 06:00:00,0.20756239
2026-01-08 07:00:00,0.20680104
2026-01-08 08:00:00,0.21370327
2026-01-08 09:00:00,0.22564371
2026-01-08 10:00:00,0.23966922
2026-01-08 11:00:00,0.25235662
2026-01-08 12:00:00,0.2601512
2026-01-08 13:00:00,0.26288164
2026-01-08 14:00:00,0.26255378
2026-01-08 15:00:00,0.2600225
2026-01-08 16:00:00,0.25520077
2026-01-08 17:00:00,0.24844363
2026-01-08 18:00:00,0.24007143
2026-01-08 19:00:00,0.23207885
2026-01-08 20:00:00,0.23032317
2026-01-08 21:00:00,0.23598641
2026-01-08 22:00:00,0.24598156
2026-01-08 23:00:00,0.2568282
2026-01-09 00:00:00,0.26413152
2026-01-09 01:00:00,0.26685178
2026-01-09 02:00:00,0.2659689
2026-01-09 03:00:00,0.26223215
2026-01-09 04:00:00,0.25607407
2026-01-09 05:00:00,0.24814007
2026-01-09 06:00:00,0.2394546
2026-01-09 07:00:00,0.23253043
2026-01-09 08:00:00,0.23282543
2026-01-09 09:00:00,0.24009205
2026-01-09 10:00:00,0.2513552
2026-01-09 11:00:00,0.26329383
2026-01-09 12:00:00,0.27194783
2026-01-09 13:00:00,0.2755299
2026-01-09 14:00:00,0.27532548
2026-01-09 15:00:00,0.27247593
2026-01-09 16:00:00,0.26766697
2026-01-09 17:00:00,0.26079774
2026-01-09 18:00:00,0.2521806
2026-01-09 19:00:00,0.24299353
2026-01-09 20:00:00,0.23594867
2026-01-09 21:00:00,0.23615107
2026-01-09 22:00:00,0.24302027
2026-01-09 23:00:00,0.25362316
2026-01-10 00:00:00,0.2640005
2026-01-10 01:00:00,0.27052605
2026-01-10 02:00:00,0.2727128
2026-01-10 03:00:00,0.27120987
2026-01-10 04:00:00,0.26691392
2026-01-10 05:00:00,0.26028103
2026-01-10 06:00:00,0.25254518
2026-01-10 07:00:00,0.2440391
2026-01-10 08:00:00,0.23743933
2026-01-10 09:00:00,0.23776512
2026-01-10 10:00:00,0.24454294
2026-01-10 11:00:00,0.25474092
2026-01-10 12:00:00,0.2637192
2026-01-10 13:00:00,0.26824066
2026-01-10 14:00:00,0.2686272
2026-01-10 15:00:00,0.2661152
2026-01-10 16:00:00,0.2612814
2026-01-10 17:00:00,0.25453106
2026-01-10 18:00:00,0.24644364
2026-01-10 19:00:00,0.23750298
2026-01-10 20:00:00,0.22888237
2026-01-10 21:00:00,0.22335203
2026-01-10 22:00:00,0.22633627
2026-01-10 23:00:00,0.23472989
2026-01-11 00:00:00,0.24581638
2026-01-11 01:00:00,0.25559664
2026-01-11 02:00:00,0.2611604
2026-01-11 03:00:00,0.26244146
2026-01-11 04:00:00,0.26006463
2026-01-11 05:00:00,0.2553788
2026-01-11 06:00:00,0.24915701
2026-01-11 07:00:00,0.24174936
2026-01-11 08:00:00,0.23376556
2026-01-11 09:00:00,0.22736774
2026-01-11 10:00:00,0.2263478
2026-01-11 11:00:00,0.23099849
2026-01-11 12:00:00,0.23716536
2026-01-11 13:00:00,0.2409059
2026-01-11 14:00:00,0.2410299
2026-01-11 15:00:00,0.23865724
2026-01-11 16:00:00,0.23431507
2026-01-11 17:00:00,0.22828194
2026-01-11 18:00:00,0.22166586
2026-01-11 19:00:00,0.21572345
2026-01-11 20:00:00,0.20955172
2026-01-11 21:00:00,0.20383751
2026-01-11 22:00:00,0.20055795
2026-01-11 23:00:00,0.20464386
2026-01-12 00:00:00,0.2134655
2026-01-12 01:00:00,0.22453968
2026-01-12 02:00:00,0.23460476
2026-01-12 03:00:00,0.2409212
2026-01-12 04:00:00,0.2427375
2026-01-12 05:00:00,0.24112146
2026-01-12 06:00:00,0.23742634
2026-01-12 07:00:00,0.23191644
2026-01-12 08:00:00,0.22467646
2026-01-12 09:00:00,0.21790637
2026-01-12 10:00:00,0.21143793
2026-01-12 11:00:00,0.20664944
2026-01-12 12:00:00,0.2044011
